Make,Model,Year,Cylinders
BMW,X7 M60i xDrive,2025,8
BMW,M8 Competition Convertible,2025,8
BMW,X5 M60i xDrive,2025,8
BMW,X6 M Competition,2025,8
BMW,Alpina XB7,2025,8
BMW,X5 M Competition,2025,8
BMW,M850i xDrive Coupe,2025,8
BMW,M8 Competition Coupe,2025,8
BMW,M8 Competition Gran Coupe,2025,8
BMW,X6 M60i xDrive,2025,8
BMW,Alpina B8 Gran Coupe,2025,8
BMW,M850i xDrive Convertible,2025,8
BMW,M850i xDrive Gran Coupe,2025,8
BMW,X6 M Competition,2024,8
BMW,M8 Competition Convertible,2024,8
BMW,M850i xDrive Coupe,2024,8
BMW,X5 M60i xDrive,2024,8
BMW,Alpina B8 Gran Coupe,2024,8
BMW,M850i xDrive Convertible,2024,8
BMW,M8 Competition Gran Coupe,2024,8
